Outlet Code,Month,Units,Value
OA0001,2026-02,1,62000
OA0001,2026-03,1,62000
OA0006,2026-02,9,1161000
OA0006,2026-03,11,682000
OA0006,2026-04,21,1428000
OA0006,2026-05,9,1161000
OA0006,2026-06,6,372000
OA0007,2026-02,1,68000
OA0008,2026-02,31,3999000
OA0008,2026-03,56,7224000
OA0008,2026-04,35,4515000
OA0008,2026-05,60,4080000
OA0008,2026-06,51,3162000
OA0008,2026-07,33,2607000
OA0010,2026-02,4,272000
OA0011,2026-02,50,4700000
OA0011,2026-03,26,2054000
OA0011,2026-04,67,4556000
OA0011,2026-05,16,2064000
OA0011,2026-06,9,558000
OA0011,2026-07,57,5358000
OA0014,2026-02,1,62000
OA0015,2026-02,10,620000
OA0015,2026-03,9,558000
OA0015,2026-04,12,1548000
OA0015,2026-05,13,1027000
OA0015,2026-06,10,620000
OA0015,2026-07,8,496000
OA0016,2026-02,28,3612000
OA0016,2026-03,18,1422000
OA0016,2026-04,25,1975000
OA0016,2026-05,18,1692000
OA0016,2026-06,23,1564000
OA0016,2026-07,10,790000
OA0019,2026-02,1,68000
OA0019,2026-03,1,79000
OA0020,2026-02,1,68000
OA0020,2026-03,2,136000
OA0023,2026-03,1,62000
OA0024,2026-02,13,1027000
OA0024,2026-03,5,395000
OA0024,2026-04,13,1027000
OA0024,2026-05,12,1548000
OA0024,2026-06,11,682000
OA0024,2026-07,8,632000
OA0025,2026-02,59,4012000
OA0025,2026-03,57,5358000
OA0025,2026-04,4,316000
OA0025,2026-05,23,1817000
OA0025,2026-06,32,2528000
OA0025,2026-07,24,1632000
OA0027,2026-02,2,158000
OA0027,2026-03,2,124000
OA0027,2026-04,1,79000
OA0027,2026-05,3,204000
OA0028,2026-02,3,237000
OA0028,2026-03,3,237000
OA0030,2026-02,13,1222000
OA0030,2026-03,33,4257000
OA0030,2026-04,46,5934000
OA0030,2026-05,37,2294000
OA0030,2026-06,38,4902000
OA0030,2026-07,38,4902000
OA0031,2026-02,22,1738000
OA0031,2026-03,3,237000
OA0031,2026-04,16,2064000
OA0031,2026-05,12,744000
OA0031,2026-06,29,2291000
OA0031,2026-07,27,3483000
OA0032,2026-02,1,68000
OA0032,2026-03,1,68000
OA0032,2026-04,1,79000
OA0032,2026-05,1,68000
OA0033,2026-02,2,136000
OA0033,2026-03,2,158000
OA0033,2026-04,3,186000
OA0033,2026-05,1,79000
OA0034,2026-03,1,62000
OA0036,2026-02,8,1032000
OA0036,2026-03,5,395000
OA0036,2026-04,2,158000
OA0036,2026-05,4,248000
OA0036,2026-06,7,553000
OA0036,2026-07,4,248000
OA0037,2026-02,1,68000
OA0037,2026-03,1,79000
OA0037,2026-04,3,237000
OA0037,2026-05,1,79000
OA0038,2026-02,3,282000
OA0038,2026-04,1,129000
OA0038,2026-05,1,129000
OA0038,2026-06,2,158000
OA0038,2026-07,0,0
OA0040,2026-02,1,62000
OA0040,2026-03,1,79000
OA0040,2026-04,1,62000
OA0040,2026-05,1,68000
OA0041,2026-02,12,948000
OA0041,2026-03,26,1768000
OA0041,2026-04,25,2350000
OA0041,2026-05,9,846000
OA0041,2026-06,29,1798000
OA0041,2026-07,14,952000
OA0042,2026-02,8,752000
OA0042,2026-03,8,632000
OA0042,2026-04,14,1316000
OA0042,2026-05,18,2322000
OA0042,2026-06,13,1027000
OA0042,2026-07,7,903000
OA0043,2026-02,43,5547000
OA0043,2026-03,26,2054000
OA0043,2026-04,37,4773000
OA0043,2026-05,62,3844000
OA0043,2026-06,32,2528000
OA0043,2026-07,37,2516000
OA0046,2026-02,3,237000
OA0046,2026-03,0,0
OA0046,2026-04,1,68000
OA0046,2026-05,3,186000
OA0046,2026-06,6,408000
OA0046,2026-07,5,645000
OA0049,2026-03,1,68000
OA0051,2026-02,2,158000
OA0051,2026-03,26,2444000
OA0051,2026-04,29,1972000
OA0051,2026-05,26,2444000
OA0051,2026-06,7,903000
OA0051,2026-07,11,748000
OA0053,2026-02,6,408000
OA0053,2026-03,2,124000
OA0053,2026-04,7,476000
OA0054,2026-02,17,2193000
OA0054,2026-03,9,558000
OA0054,2026-04,5,340000
OA0054,2026-05,19,1501000
OA0054,2026-06,9,612000
OA0054,2026-07,19,2451000
OA0055,2026-02,2,188000
OA0055,2026-03,1,62000
OA0055,2026-04,2,136000
OA0055,2026-05,5,310000
OA0055,2026-06,4,272000
OA0055,2026-07,5,645000
OA0056,2026-02,2,188000
OA0056,2026-03,2,158000
OA0056,2026-04,5,395000
OA0056,2026-05,4,248000
OA0056,2026-06,2,158000
OA0056,2026-07,4,248000
OA0057,2026-02,7,434000
OA0058,2026-02,1,79000
OA0058,2026-03,1,62000
OA0058,2026-04,1,62000
OA0064,2026-02,12,744000
OA0064,2026-03,7,553000
OA0064,2026-04,7,553000
OA0064,2026-05,8,496000
OA0064,2026-06,3,186000
OA0064,2026-07,5,310000
OA0067,2026-03,1,68000
OA0070,2026-02,1,68000
OA0071,2026-02,1,68000
OA0072,2026-02,9,711000
OA0072,2026-03,6,564000
OA0072,2026-05,5,340000
OA0072,2026-06,6,474000
OA0072,2026-07,2,258000
OA0075,2026-02,3,186000
OA0076,2026-03,1,62000
OA0078,2026-02,2,158000
OA0078,2026-03,1,68000
OA0078,2026-04,2,136000
OA0080,2026-02,14,868000
OA0080,2026-03,14,1106000
OA0080,2026-04,20,1880000
OA0080,2026-05,18,1116000
OA0080,2026-06,18,2322000
OA0080,2026-07,23,1817000
OA0081,2026-02,1,62000
OA0081,2026-03,1,79000
OA0081,2026-04,1,79000
OA0081,2026-05,1,68000
OA0082,2026-02,3,387000
OA0082,2026-03,2,124000
OA0082,2026-04,2,136000
OA0082,2026-05,4,316000
OA0082,2026-06,3,282000
OA0082,2026-07,5,310000
OA0084,2026-02,3,186000
OA0086,2026-02,2,158000
OA0086,2026-03,3,387000
OA0086,2026-04,3,204000
OA0086,2026-05,2,124000
OA0086,2026-06,3,186000
OA0086,2026-07,3,204000
OA0089,2026-02,1,62000
OA0089,2026-03,1,79000
OA0091,2026-02,22,2068000
OA0091,2026-03,31,2914000
OA0091,2026-04,12,1128000
OA0091,2026-05,26,2054000
OA0091,2026-06,12,1128000
OA0091,2026-07,23,1564000
OA0092,2026-02,2,158000
OA0093,2026-02,67,8643000
OA0093,2026-03,15,930000
OA0093,2026-04,47,2914000
OA0093,2026-05,51,4794000
OA0093,2026-06,38,3002000
OA0093,2026-07,56,3808000
OA0096,2026-02,2,124000
OA0096,2026-03,5,395000
OA0097,2026-02,23,1426000
OA0097,2026-03,16,1088000
OA0097,2026-04,22,1364000
OA0097,2026-05,23,1426000
OA0097,2026-06,9,711000
OA0097,2026-07,34,4386000
OA0098,2026-02,6,564000
OA0098,2026-03,1,79000
OA0098,2026-04,2,136000
OA0098,2026-05,4,272000
OA0098,2026-07,4,516000
OA0100,2026-02,23,2967000
OA0100,2026-03,34,4386000
OA0100,2026-04,71,4402000
OA0100,2026-05,20,2580000
OA0100,2026-06,22,2068000
OA0100,2026-07,27,2538000
OA0101,2026-02,15,1185000
OA0101,2026-03,17,1598000
OA0101,2026-04,13,1027000
OA0101,2026-05,9,846000
OA0101,2026-06,19,1292000
OA0101,2026-07,0,0
OA0102,2026-02,3,237000
OA0102,2026-03,2,188000
OA0102,2026-04,2,136000
OA0102,2026-05,2,188000
OA0102,2026-07,1,62000
OA0103,2026-02,3,237000
OA0103,2026-03,2,158000
OA0103,2026-04,2,136000
OA0103,2026-05,2,136000
OA0103,2026-07,2,136000
OA0104,2026-02,1,62000
OA0104,2026-03,1,79000
OA0104,2026-04,1,68000
OA0104,2026-05,1,62000
OA0105,2026-02,7,434000
OA0105,2026-03,8,496000
OA0105,2026-04,3,204000
OA0106,2026-02,20,1360000
OA0106,2026-03,19,1786000
OA0106,2026-04,23,2967000
OA0106,2026-05,5,310000
OA0106,2026-06,16,2064000
OA0106,2026-07,30,2370000
OA0108,2026-02,1,79000
OA0108,2026-03,1,62000
OA0109,2026-02,6,774000
OA0109,2026-03,4,248000
OA0109,2026-04,6,564000
OA0109,2026-05,6,564000
OA0109,2026-06,3,186000
OA0109,2026-07,5,310000
OA0112,2026-02,2,136000
OA0112,2026-03,4,248000
OA0112,2026-04,1,68000
OA0112,2026-05,4,248000
OA0112,2026-06,5,645000
OA0112,2026-07,3,282000
OA0114,2026-02,28,2212000
OA0114,2026-03,35,4515000
OA0114,2026-04,35,3290000
OA0114,2026-05,21,1428000
OA0114,2026-06,17,1156000
OA0114,2026-07,39,2652000
OA0115,2026-02,8,496000
OA0115,2026-03,4,316000
OA0115,2026-04,9,612000
OA0115,2026-05,15,1410000
OA0115,2026-06,12,948000
OA0115,2026-07,13,1222000
OA0116,2026-02,22,1738000
OA0116,2026-03,7,434000
OA0116,2026-04,13,1677000
OA0116,2026-05,24,3096000
OA0116,2026-06,24,1632000
OA0116,2026-07,7,658000
OA0117,2026-02,46,3128000
OA0117,2026-03,48,3792000
OA0117,2026-04,58,5452000
OA0117,2026-05,49,6321000
OA0117,2026-06,27,2133000
OA0117,2026-07,26,2054000
OA0118,2026-02,2,188000
OA0118,2026-03,2,158000
OA0118,2026-04,2,158000
OA0118,2026-05,2,188000
OA0118,2026-06,2,158000
OA0118,2026-07,1,79000
OA0119,2026-02,4,316000
OA0119,2026-03,6,474000
OA0119,2026-04,6,408000
OA0119,2026-05,7,658000
OA0119,2026-06,5,310000
OA0119,2026-07,4,316000
OA0120,2026-02,1,68000
OA0121,2026-02,27,2133000
OA0121,2026-03,22,2068000
OA0121,2026-04,16,2064000
OA0121,2026-05,13,884000
OA0121,2026-06,20,1240000
OA0121,2026-07,21,2709000
OA0123,2026-02,5,395000
OA0123,2026-03,2,158000
OA0123,2026-04,1,129000
OA0123,2026-05,1,62000
OA0123,2026-06,3,282000
OA0123,2026-07,4,316000
OA0124,2026-03,1,68000
OA0126,2026-02,26,3354000
OA0126,2026-03,24,1896000
OA0126,2026-04,10,620000
OA0126,2026-05,11,1034000
OA0126,2026-06,17,1054000
OA0126,2026-07,33,2607000
OA0127,2026-02,6,564000
OA0127,2026-03,5,470000
OA0127,2026-04,6,372000
OA0127,2026-05,5,310000
OA0127,2026-06,6,774000
OA0127,2026-07,10,620000
OA0128,2026-02,2,136000
OA0128,2026-03,4,248000
OA0130,2026-02,3,237000
OA0130,2026-03,1,62000
OA0130,2026-04,2,124000
OA0131,2026-02,5,340000
OA0131,2026-03,3,237000
OA0131,2026-04,8,496000
OA0131,2026-05,6,774000
OA0131,2026-06,2,136000
OA0131,2026-07,3,186000
OA0134,2026-02,1,79000
OA0134,2026-03,1,62000
OA0136,2026-02,1,62000
OA0137,2026-02,2,124000
OA0139,2026-02,6,564000
OA0139,2026-03,9,1161000
OA0139,2026-04,5,470000
OA0139,2026-05,10,1290000
OA0139,2026-06,2,258000
OA0139,2026-07,5,395000
OA0140,2026-02,7,434000
OA0142,2026-02,30,2820000
OA0142,2026-03,13,1027000
OA0142,2026-04,35,2170000
OA0142,2026-05,1,129000
OA0142,2026-06,25,2350000
OA0142,2026-07,41,3239000
OA0143,2026-03,1,68000
OA0144,2026-02,5,310000
OA0144,2026-03,4,248000
OA0144,2026-04,5,340000
OA0144,2026-05,4,316000
OA0144,2026-06,3,186000
OA0144,2026-07,2,188000
OA0146,2026-02,1,79000
OA0146,2026-03,3,237000
OA0146,2026-04,3,186000
OA0146,2026-05,1,62000
OA0146,2026-06,5,395000
OA0146,2026-07,3,387000
OA0148,2026-03,2,258000
OA0148,2026-04,1,79000
OA0148,2026-05,1,79000
OA0148,2026-06,3,204000
OA0148,2026-07,0,0
OA0149,2026-02,3,282000
OA0149,2026-03,3,237000
OA0149,2026-04,2,124000
OA0149,2026-05,4,248000
OA0149,2026-06,5,470000
OA0149,2026-07,3,387000
OA0150,2026-02,3,237000
OA0150,2026-03,10,620000
OA0150,2026-04,7,434000
OA0150,2026-05,17,1156000
OA0150,2026-06,11,1034000
OA0150,2026-07,17,2193000
OA0151,2026-02,4,376000
OA0151,2026-04,5,645000
OA0151,2026-05,3,237000
OA0151,2026-06,5,645000
OA0151,2026-07,4,272000
OA0153,2026-02,4,272000
OA0153,2026-03,5,340000
OA0153,2026-04,3,237000
OA0153,2026-05,3,186000
OA0157,2026-02,1,79000
OA0157,2026-03,1,68000
OA0157,2026-04,1,68000
OA0157,2026-05,1,68000
OA0158,2026-02,5,645000
OA0158,2026-03,3,186000
OA0158,2026-04,1,62000
OA0158,2026-05,3,282000
OA0158,2026-06,2,158000
OA0158,2026-07,5,395000
OA0159,2026-02,7,476000
OA0159,2026-03,6,474000
OA0159,2026-04,9,711000
OA0159,2026-05,3,186000
OA0160,2026-02,6,474000
OA0161,2026-02,8,496000
OA0161,2026-03,6,408000
OA0161,2026-04,16,1088000
OA0161,2026-05,7,658000
OA0161,2026-06,9,1161000
OA0161,2026-07,5,645000
OA0162,2026-02,3,237000
OA0162,2026-03,3,237000
OA0163,2026-02,2,124000
OA0163,2026-03,2,136000
OA0163,2026-04,4,316000
OA0164,2026-02,14,1806000
OA0164,2026-03,0,0
OA0164,2026-04,22,1738000
OA0164,2026-05,19,2451000
OA0164,2026-06,9,612000
OA0164,2026-07,17,1598000
OA0165,2026-02,3,186000
OA0165,2026-03,2,158000
OA0165,2026-04,3,237000
OA0165,2026-05,3,282000
OA0165,2026-06,4,376000
OA0165,2026-07,2,136000
OA0166,2026-02,8,632000
OA0166,2026-03,2,124000
OA0166,2026-04,10,1290000
OA0166,2026-05,10,1290000
OA0166,2026-06,9,711000
OA0166,2026-07,12,1128000
OA0167,2026-03,3,387000
OA0167,2026-04,3,186000
OA0167,2026-05,1,68000
OA0167,2026-06,2,124000
OA0167,2026-07,2,124000
OA0168,2026-02,8,544000
OA0168,2026-03,7,553000
OA0168,2026-04,5,470000
OA0168,2026-05,4,376000
OA0168,2026-06,3,282000
OA0168,2026-07,3,237000
OA0170,2026-02,3,186000
OA0170,2026-03,9,846000
OA0170,2026-04,4,516000
OA0170,2026-05,20,1580000
OA0170,2026-06,6,474000
OA0170,2026-07,4,316000
OA0171,2026-02,1,68000
OA0171,2026-03,1,68000
OA0171,2026-04,2,136000
OA0172,2026-02,4,272000
OA0172,2026-03,10,1290000
OA0172,2026-04,7,903000
OA0172,2026-05,2,258000
OA0172,2026-06,7,903000
OA0172,2026-07,11,1419000
OA0173,2026-02,1,129000
OA0173,2026-03,2,188000
OA0173,2026-04,2,258000
OA0173,2026-05,2,136000
OA0173,2026-06,2,136000
OA0173,2026-07,1,79000
OA0174,2026-02,7,658000
OA0174,2026-03,6,774000
OA0174,2026-04,6,564000
OA0174,2026-05,9,1161000
OA0174,2026-06,8,544000
OA0174,2026-07,9,846000
OA0175,2026-02,14,1106000
OA0175,2026-03,18,1422000
OA0175,2026-04,15,1020000
OA0175,2026-05,16,1504000
OA0175,2026-06,10,790000
OA0176,2026-02,2,124000
OA0176,2026-03,2,136000
OA0176,2026-04,1,62000
OA0176,2026-05,0,0
OA0176,2026-06,2,136000
OA0176,2026-07,1,62000
OA0177,2026-02,1,62000
OA0177,2026-03,1,79000
OA0177,2026-04,1,79000
OA0180,2026-02,3,186000
OA0180,2026-03,2,124000
OA0182,2026-02,1,62000
OA0182,2026-03,2,188000
OA0182,2026-04,2,158000
OA0182,2026-05,2,158000
OA0182,2026-06,1,79000
OA0182,2026-07,3,204000
OA0186,2026-02,6,372000
OA0186,2026-03,7,476000
OA0186,2026-04,8,752000
OA0186,2026-05,6,474000
OA0186,2026-06,6,474000
OA0186,2026-07,12,1548000
OA0187,2026-02,1,68000
OA0187,2026-03,1,79000
OA0189,2026-02,1,79000
OA0189,2026-03,1,79000
OA0189,2026-04,1,62000
OA0191,2026-02,1,68000
OA0192,2026-02,4,316000
OA0194,2026-02,7,434000
OA0194,2026-03,7,658000
OA0194,2026-04,10,940000
OA0194,2026-05,7,658000
OA0194,2026-06,5,395000
OA0194,2026-07,6,564000
OA0195,2026-02,1,68000
OA0195,2026-03,2,158000
OA0197,2026-02,2,158000
OA0197,2026-03,3,186000
OA0197,2026-04,5,310000
OA0198,2026-02,1,68000
OA0198,2026-03,3,237000
OA0198,2026-04,1,62000
OA0198,2026-05,5,310000
OA0202,2026-02,7,476000
OA0202,2026-03,10,620000
OA0202,2026-04,6,474000
OA0202,2026-05,17,2193000
OA0202,2026-06,8,544000
OA0202,2026-07,7,434000
OA0203,2026-02,3,237000
OA0203,2026-03,3,237000
OA0204,2026-02,8,632000
OA0204,2026-03,11,1419000
OA0204,2026-04,7,553000
OA0204,2026-05,5,470000
OA0204,2026-06,5,470000
OA0204,2026-07,9,558000
OA0207,2026-02,7,476000
OA0207,2026-03,15,930000
OA0207,2026-04,10,680000
OA0207,2026-05,26,1768000
OA0207,2026-06,25,1975000
OA0207,2026-07,10,620000
OA0208,2026-02,38,4902000
OA0208,2026-03,32,2176000
OA0208,2026-04,32,2176000
OA0208,2026-05,18,2322000
OA0208,2026-06,30,2820000
OA0208,2026-07,45,3555000
OA0209,2026-02,0,0
OA0209,2026-03,1,68000
OA0209,2026-04,3,387000
OA0209,2026-05,1,68000
OA0209,2026-06,6,774000
OA0209,2026-07,2,188000
OA0210,2026-02,1,62000
OA0214,2026-02,8,632000
OA0214,2026-03,10,1290000
OA0214,2026-04,18,1116000
OA0214,2026-05,8,1032000
OA0214,2026-06,16,1088000
OA0214,2026-07,10,1290000
OA0215,2026-02,31,3999000
OA0215,2026-03,15,1410000
OA0215,2026-04,9,612000
OA0215,2026-05,16,992000
OA0215,2026-06,34,3196000
OA0215,2026-07,12,816000
OA0218,2026-02,45,4230000
OA0218,2026-03,22,1496000
OA0218,2026-04,44,5676000
OA0218,2026-05,27,2133000
OA0218,2026-06,27,1674000
OA0218,2026-07,39,3081000
OA0219,2026-02,3,237000
OA0219,2026-03,7,553000
OA0220,2026-02,3,186000
OA0220,2026-03,1,62000
OA0220,2026-04,1,62000
OA0220,2026-05,2,124000
OA0221,2026-02,1,68000
OA0222,2026-02,1,68000
OA0223,2026-02,1,62000
OA0223,2026-03,1,79000
OA0227,2026-02,7,903000
OA0227,2026-03,11,682000
OA0227,2026-04,8,1032000
OA0227,2026-05,7,476000
OA0227,2026-06,4,516000
OA0227,2026-07,10,620000
OA0229,2026-02,4,376000
OA0229,2026-03,3,387000
OA0229,2026-04,4,248000
OA0229,2026-05,1,79000
OA0229,2026-06,1,68000
OA0229,2026-07,2,136000
OA0230,2026-02,4,316000
OA0230,2026-03,1,68000
OA0230,2026-04,2,158000
OA0230,2026-05,5,395000
OA0230,2026-06,6,408000
OA0230,2026-07,1,79000
OA0231,2026-02,2,136000
OA0231,2026-03,3,387000
OA0231,2026-04,1,79000
OA0231,2026-05,2,158000
OA0231,2026-06,1,79000
OA0231,2026-07,2,258000
OA0232,2026-02,2,124000
OA0232,2026-03,3,282000
OA0232,2026-04,0,0
OA0232,2026-05,2,188000
OA0232,2026-06,2,158000
OA0232,2026-07,4,316000
OA0233,2026-02,1,68000
OA0233,2026-03,5,340000
OA0234,2026-02,5,395000
OA0234,2026-03,1,68000
OA0235,2026-02,2,124000
OA0235,2026-03,3,186000
OA0236,2026-02,2,158000
OA0236,2026-03,13,884000
OA0236,2026-04,14,1106000
OA0236,2026-05,13,1677000
OA0236,2026-06,12,816000
OA0236,2026-07,5,645000
OA0237,2026-02,13,884000
OA0237,2026-03,31,3999000
OA0237,2026-04,19,1292000
OA0237,2026-05,36,2448000
OA0237,2026-06,9,846000
OA0237,2026-07,22,1738000
OA0238,2026-02,32,4128000
OA0238,2026-03,19,1786000
OA0238,2026-04,45,2790000
OA0238,2026-05,33,2046000
OA0238,2026-06,33,2244000
OA0238,2026-07,27,1674000
OA0241,2026-02,2,258000
OA0241,2026-03,1,94000
OA0241,2026-04,1,129000
OA0241,2026-05,0,0
OA0241,2026-06,2,188000
OA0241,2026-07,2,158000
OA0242,2026-02,35,4515000
OA0242,2026-03,15,1935000
OA0242,2026-04,21,2709000
OA0242,2026-05,51,3468000
OA0242,2026-06,45,3555000
OA0242,2026-07,30,2820000
OA0243,2026-02,15,1935000
OA0243,2026-03,8,752000
OA0243,2026-04,3,387000
OA0243,2026-05,9,711000
OA0243,2026-06,11,1034000
OA0243,2026-07,9,558000
OA0245,2026-02,5,340000
OA0245,2026-03,2,124000
OA0245,2026-04,1,79000
OA0246,2026-02,12,1548000
OA0246,2026-03,6,774000
OA0246,2026-04,20,1580000
OA0246,2026-05,1,68000
OA0246,2026-06,7,476000
OA0246,2026-07,15,1020000
OA0247,2026-02,1,68000
OA0248,2026-02,8,544000
OA0248,2026-03,2,136000
OA0248,2026-04,4,248000
OA0249,2026-02,50,3950000
OA0249,2026-03,33,2046000
OA0249,2026-04,24,1488000
OA0249,2026-05,12,1548000
OA0249,2026-06,11,1034000
OA0249,2026-07,29,1798000
OA0250,2026-02,5,395000
OA0250,2026-03,7,553000
OA0250,2026-04,4,376000
OA0250,2026-05,5,470000
OA0250,2026-06,3,282000
OA0250,2026-07,5,340000
OA0252,2026-02,16,1264000
OA0252,2026-03,14,952000
OA0252,2026-04,17,1156000
OA0252,2026-05,10,620000
OA0252,2026-06,11,1419000
OA0252,2026-07,8,632000
OA0256,2026-02,29,3741000
OA0256,2026-03,31,2108000
OA0256,2026-04,15,930000
OA0256,2026-05,9,1161000
OA0256,2026-06,17,2193000
OA0256,2026-07,32,1984000
OA0257,2026-02,3,204000
OA0257,2026-03,7,434000
OA0257,2026-04,5,395000
OA0258,2026-02,30,1860000
OA0258,2026-03,22,1496000
OA0258,2026-04,33,2244000
OA0258,2026-05,0,0
OA0258,2026-06,41,2542000
OA0258,2026-07,10,1290000
OA0259,2026-02,3,282000
OA0259,2026-03,10,1290000
OA0259,2026-04,6,774000
OA0259,2026-05,12,1128000
OA0259,2026-06,3,186000
OA0259,2026-07,8,1032000
OA0260,2026-02,23,1564000
OA0260,2026-03,18,1116000
OA0260,2026-04,23,1564000
OA0260,2026-05,19,1501000
OA0260,2026-06,17,2193000
OA0260,2026-07,14,1106000
OA0262,2026-02,13,1222000
OA0262,2026-03,9,846000
OA0262,2026-04,10,790000
OA0262,2026-05,16,2064000
OA0262,2026-07,15,1020000
OA0264,2026-02,5,395000
OA0264,2026-03,20,2580000
OA0264,2026-04,9,612000
OA0264,2026-05,11,682000
OA0264,2026-06,22,1364000
OA0264,2026-07,5,645000
OA0266,2026-02,33,2244000
OA0266,2026-03,18,1692000
OA0266,2026-04,42,2856000
OA0266,2026-05,67,5293000
OA0266,2026-06,38,2584000
OA0266,2026-07,16,2064000
OA0269,2026-02,32,2176000
OA0269,2026-03,29,2291000
OA0269,2026-04,41,2788000
OA0269,2026-05,14,868000
OA0269,2026-06,53,3286000
OA0269,2026-07,27,1836000
OA0270,2026-02,2,158000
OA0270,2026-03,1,79000
OA0271,2026-02,3,282000
OA0271,2026-03,5,310000
OA0271,2026-04,2,188000
OA0271,2026-05,3,204000
OA0271,2026-06,2,188000
OA0272,2026-02,2,124000
OA0272,2026-03,3,186000
OA0272,2026-04,3,282000
OA0272,2026-05,3,237000
OA0272,2026-06,4,376000
OA0272,2026-07,3,186000
OA0274,2026-02,37,3478000
OA0274,2026-03,23,2967000
OA0274,2026-04,38,3572000
OA0274,2026-05,0,0
OA0274,2026-06,38,4902000
OA0274,2026-07,16,1264000
OA0276,2026-02,1,79000
OA0276,2026-03,1,62000
OA0276,2026-04,1,62000
OA0276,2026-05,1,62000
OA0277,2026-02,20,1360000
OA0277,2026-03,23,1817000
OA0277,2026-04,24,1632000
OA0277,2026-05,15,1020000
OA0277,2026-06,18,1422000
OA0277,2026-07,15,930000
OA0278,2026-02,15,1185000
OA0278,2026-03,7,903000
OA0278,2026-04,30,3870000
OA0278,2026-05,10,620000
OA0278,2026-06,24,1632000
OA0278,2026-07,18,1422000
OA0279,2026-02,1,68000
OA0281,2026-02,6,564000
OA0281,2026-03,5,470000
OA0281,2026-04,13,1677000
OA0281,2026-05,16,2064000
OA0281,2026-06,13,1027000
OA0281,2026-07,6,474000
OA0283,2026-02,16,1504000
OA0283,2026-03,14,1806000
OA0283,2026-04,7,476000
OA0283,2026-05,11,682000
OA0283,2026-06,8,496000
OA0283,2026-07,18,1116000
OA0286,2026-02,1,68000
OA0286,2026-03,0,0
OA0286,2026-04,3,186000
OA0286,2026-05,2,136000
OA0286,2026-06,1,129000
OA0286,2026-07,2,158000
OA0287,2026-02,1,94000
OA0287,2026-03,2,258000
OA0287,2026-04,1,62000
OA0287,2026-05,3,204000
OA0287,2026-06,2,124000
OA0287,2026-07,3,204000
OA0289,2026-02,7,553000
OA0289,2026-03,19,1786000
OA0289,2026-04,19,1501000
OA0289,2026-05,23,1817000
OA0289,2026-06,14,868000
OA0289,2026-07,3,237000
OA0292,2026-02,38,4902000
OA0292,2026-03,25,1700000
OA0292,2026-04,26,3354000
OA0292,2026-05,0,0
OA0292,2026-06,26,3354000
OA0292,2026-07,47,3196000
OA0293,2026-02,6,408000
OA0293,2026-03,13,1027000
OA0293,2026-04,9,612000
OA0293,2026-05,19,1501000
OA0293,2026-06,15,1185000
OA0293,2026-07,9,1161000
OA0294,2026-02,0,0
OA0294,2026-05,1,94000
OA0294,2026-06,1,129000
OA0294,2026-07,1,68000
OA0297,2026-02,42,3318000
OA0297,2026-03,54,5076000
OA0297,2026-05,41,3239000
OA0297,2026-06,22,2838000
OA0297,2026-07,42,3318000
OA0298,2026-02,26,2444000
OA0298,2026-03,25,2350000
OA0298,2026-04,63,5922000
OA0298,2026-05,31,1922000
OA0298,2026-06,12,744000
OA0298,2026-07,30,1860000
OA0299,2026-02,1,62000
OA0300,2026-02,4,272000
OA0300,2026-03,4,272000
OA0300,2026-04,2,188000
OA0300,2026-05,2,258000
OA0300,2026-06,1,94000
OA0300,2026-07,6,408000
OA0302,2026-03,4,376000
OA0302,2026-04,1,68000
OA0302,2026-05,1,129000
OA0302,2026-06,3,237000
OA0302,2026-07,4,516000
OA0305,2026-02,7,434000
OA0305,2026-03,7,903000
OA0305,2026-04,3,282000
OA0305,2026-05,11,1034000
OA0305,2026-06,9,846000
OA0305,2026-07,7,476000
OA0306,2026-02,32,2176000
OA0306,2026-03,24,1632000
OA0306,2026-04,21,1302000
OA0306,2026-05,23,1817000
OA0306,2026-06,16,992000
OA0306,2026-07,28,3612000
OA0307,2026-02,8,544000
OA0307,2026-03,10,680000
OA0307,2026-04,5,645000
OA0307,2026-05,8,496000
OA0307,2026-06,8,752000
OA0307,2026-07,7,553000
OA0308,2026-02,0,0
OA0308,2026-03,2,136000
OA0308,2026-04,1,62000
OA0308,2026-05,3,204000
OA0308,2026-06,1,68000
OA0308,2026-07,2,258000
OA0309,2026-02,2,136000
OA0310,2026-02,1,68000
OA0314,2026-02,3,204000
OA0314,2026-03,2,188000
OA0314,2026-05,4,248000
OA0314,2026-06,5,645000
OA0314,2026-07,2,136000
OA0316,2026-02,8,1032000
OA0316,2026-03,12,816000
OA0316,2026-04,10,940000
OA0316,2026-05,11,1419000
OA0316,2026-06,7,658000
OA0316,2026-07,6,564000
OA0318,2026-02,0,0
OA0318,2026-03,0,0
OA0318,2026-04,1,79000
OA0318,2026-05,1,94000
OA0318,2026-06,1,94000
OA0318,2026-07,1,79000
OA0320,2026-02,4,272000
OA0320,2026-03,3,186000
OA0320,2026-04,3,237000
OA0320,2026-05,3,237000
OA0321,2026-02,3,237000
OA0321,2026-03,3,204000
OA0321,2026-04,2,136000
OA0321,2026-05,3,237000
OA0321,2026-06,0,0
OA0321,2026-07,5,645000
OA0322,2026-02,8,544000
OA0322,2026-03,6,474000
OA0322,2026-04,2,188000
OA0322,2026-05,9,846000
OA0322,2026-06,6,474000
OA0322,2026-07,7,658000
OA0323,2026-02,2,258000
OA0323,2026-03,1,62000
OA0323,2026-04,5,470000
OA0323,2026-05,5,395000
OA0323,2026-06,5,470000
OA0323,2026-07,4,316000
OA0325,2026-02,2,158000
OA0326,2026-02,1,62000
OA0326,2026-03,1,68000
OA0326,2026-04,1,62000
OA0327,2026-02,1,79000
OA0329,2026-02,2,258000
OA0329,2026-03,4,248000
OA0329,2026-04,4,272000
OA0329,2026-05,2,258000
OA0329,2026-06,3,186000
OA0329,2026-07,3,237000
OA0330,2026-02,1,62000
OA0330,2026-03,1,62000
OA0330,2026-04,1,68000
OA0330,2026-05,1,68000
OA0331,2026-02,4,376000
OA0331,2026-03,2,124000
OA0331,2026-04,2,258000
OA0331,2026-05,2,188000
OA0331,2026-06,3,186000
OA0331,2026-07,2,124000
OA0334,2026-03,1,68000
OA0335,2026-02,1,68000
OA0336,2026-02,1,68000
OA0336,2026-03,1,62000
OA0336,2026-04,1,68000
OA0336,2026-05,1,62000
OA0338,2026-02,20,1240000
OA0338,2026-03,20,1580000
OA0338,2026-04,4,516000
OA0338,2026-05,16,1264000
OA0338,2026-06,17,1598000
OA0338,2026-07,21,1302000
OA0339,2026-02,6,774000
OA0339,2026-03,7,476000
OA0339,2026-04,6,564000
OA0339,2026-06,2,258000
OA0339,2026-07,2,258000
OA0340,2026-02,1,68000
OA0341,2026-02,1,62000
OA0345,2026-02,2,158000
OA0345,2026-03,1,68000
OA0345,2026-04,2,158000
OA0348,2026-02,2,136000
OA0348,2026-03,3,387000
OA0348,2026-04,2,188000
OA0348,2026-05,2,136000
OA0348,2026-06,3,186000
OA0348,2026-07,2,158000
OA0351,2026-02,1,79000
OA0351,2026-03,3,186000
OA0351,2026-04,4,316000
OA0351,2026-05,4,272000
OA0353,2026-02,10,680000
OA0353,2026-03,3,204000
OA0353,2026-04,12,1548000
OA0353,2026-05,8,632000
OA0353,2026-06,4,376000
OA0353,2026-07,12,1128000
OA0354,2026-02,6,474000
OA0354,2026-03,38,3572000
OA0354,2026-04,28,1904000
OA0354,2026-05,24,1896000
OA0354,2026-06,46,4324000
OA0354,2026-07,16,992000
OA0357,2026-02,16,992000
OA0357,2026-03,1,68000
OA0357,2026-04,16,1504000
OA0357,2026-05,8,752000
OA0357,2026-06,12,816000
OA0357,2026-07,17,1343000
OA0358,2026-02,13,884000
OA0358,2026-03,5,310000
OA0358,2026-04,2,258000
OA0358,2026-05,7,434000
OA0358,2026-06,1,68000
OA0358,2026-07,7,434000
OA0360,2026-02,25,2350000
OA0360,2026-03,25,1550000
OA0360,2026-04,20,1580000
OA0360,2026-05,8,496000
OA0360,2026-06,22,1738000
OA0360,2026-07,33,2244000
OA0363,2026-02,34,4386000
OA0363,2026-03,23,2162000
OA0363,2026-04,12,816000
OA0363,2026-05,37,2294000
OA0363,2026-06,34,4386000
OA0363,2026-07,15,1020000
OA0365,2026-02,1,79000
OA0365,2026-03,1,62000
OA0365,2026-04,1,68000
OA0365,2026-05,1,68000
OA0366,2026-02,20,1360000
OA0366,2026-03,28,2212000
OA0366,2026-04,30,2820000
OA0366,2026-05,7,434000
OA0366,2026-06,30,2040000
OA0366,2026-07,28,3612000
OA0368,2026-02,3,237000
OA0368,2026-03,3,204000
OA0368,2026-04,2,188000
OA0368,2026-05,2,188000
OA0368,2026-06,5,395000
OA0368,2026-07,5,470000
OA0369,2026-02,1,62000
OA0369,2026-03,1,62000
OA0371,2026-02,1,68000
OA0371,2026-03,1,68000
OA0371,2026-04,1,68000
OA0371,2026-05,1,79000
OA0373,2026-02,0,0
OA0373,2026-03,4,316000
OA0373,2026-04,2,258000
OA0373,2026-05,4,248000
OA0373,2026-06,2,158000
OA0373,2026-07,4,272000
OA0375,2026-02,2,158000
OA0375,2026-03,2,124000
OA0376,2026-02,2,124000
OA0376,2026-03,2,158000
OA0379,2026-02,3,237000
OA0379,2026-03,3,237000
OA0379,2026-04,3,237000
OA0380,2026-02,1,129000
OA0380,2026-03,1,79000
OA0380,2026-04,1,129000
OA0380,2026-05,3,282000
OA0380,2026-06,5,645000
OA0380,2026-07,2,124000
OA0381,2026-02,63,5922000
OA0381,2026-03,24,2256000
OA0381,2026-04,69,4278000
OA0381,2026-05,26,3354000
OA0381,2026-06,47,4418000
OA0381,2026-07,47,6063000
OA0382,2026-02,1,129000
OA0382,2026-03,1,68000
OA0382,2026-04,3,204000
OA0382,2026-05,2,258000
OA0382,2026-06,1,68000
OA0382,2026-07,3,282000
OA0383,2026-02,4,272000
OA0383,2026-04,5,310000
OA0383,2026-05,1,79000
OA0383,2026-06,4,272000
OA0383,2026-07,1,68000
OA0384,2026-02,2,188000
OA0384,2026-03,3,387000
OA0384,2026-04,4,248000
OA0384,2026-05,3,237000
OA0384,2026-06,2,136000
OA0384,2026-07,2,158000
OA0387,2026-02,10,680000
OA0387,2026-03,20,1880000
OA0387,2026-04,36,4644000
OA0387,2026-05,16,992000
OA0387,2026-06,15,1410000
OA0387,2026-07,14,868000
OA0388,2026-02,1,62000
OA0388,2026-03,2,124000
OA0388,2026-05,0,0
OA0388,2026-06,1,68000
OA0388,2026-07,2,188000
OA0391,2026-02,7,903000
OA0391,2026-03,3,282000
OA0391,2026-04,8,1032000
OA0391,2026-05,9,1161000
OA0391,2026-06,6,564000
OA0391,2026-07,2,124000
OA0394,2026-02,42,2604000
OA0394,2026-03,47,6063000
OA0394,2026-04,41,3854000
OA0394,2026-05,55,4345000
OA0394,2026-06,42,3318000
OA0394,2026-07,63,3906000
OA0396,2026-02,5,395000
OA0396,2026-03,2,158000
OA0396,2026-04,4,316000
OA0398,2026-02,1,79000
OA0398,2026-03,1,68000
OA0398,2026-04,1,79000
OA0398,2026-05,1,68000
OA0399,2026-02,1,68000
OA0399,2026-03,2,188000
OA0399,2026-04,1,129000
OA0399,2026-05,1,62000
OA0399,2026-06,2,124000
OA0399,2026-07,2,258000
OA0400,2026-02,6,408000
OA0400,2026-03,9,612000
OA0400,2026-04,11,682000
OA0400,2026-05,8,544000
OA0400,2026-06,11,869000
OA0400,2026-07,5,395000
OA0401,2026-02,1,68000
OA0401,2026-03,3,204000
OA0407,2026-02,11,869000
OA0407,2026-03,3,387000
OA0407,2026-04,8,496000
OA0407,2026-05,10,680000
OA0407,2026-06,1,79000
OA0407,2026-07,4,376000
OA0409,2026-02,19,1292000
OA0409,2026-03,5,645000
OA0409,2026-04,17,1598000
OA0409,2026-05,15,1185000
OA0409,2026-06,7,553000
OA0409,2026-07,6,372000
OA0411,2026-02,3,204000
OA0412,2026-02,1,68000
OA0413,2026-02,10,1290000
OA0413,2026-03,15,1935000
OA0413,2026-04,15,1020000
OA0413,2026-05,31,1922000
OA0413,2026-06,25,2350000
OA0413,2026-07,5,340000
OA0414,2026-02,1,62000
OA0414,2026-03,3,237000
OA0414,2026-04,2,124000
OA0415,2026-02,5,310000
OA0415,2026-03,8,544000
OA0415,2026-04,6,372000
OA0415,2026-05,5,645000
OA0415,2026-06,6,408000
OA0415,2026-07,3,387000
OA0417,2026-02,20,1580000
OA0417,2026-03,24,1632000
OA0417,2026-04,21,1659000
OA0417,2026-05,9,612000
OA0417,2026-06,26,2054000
OA0417,2026-07,35,2765000
OA0418,2026-02,1,79000
OA0418,2026-03,2,124000
OA0418,2026-04,4,316000
OA0418,2026-05,1,79000
OA0419,2026-02,1,79000
OA0419,2026-03,1,68000
OA0420,2026-02,4,376000
OA0420,2026-03,10,620000
OA0420,2026-04,1,68000
OA0420,2026-05,9,711000
OA0420,2026-06,11,869000
OA0420,2026-07,6,408000
OA0421,2026-02,6,372000
OA0421,2026-03,6,372000
OA0421,2026-04,10,620000
OA0422,2026-02,7,658000
OA0422,2026-03,19,2451000
OA0422,2026-04,54,3672000
OA0422,2026-05,31,2108000
OA0422,2026-06,18,1116000
OA0422,2026-07,31,3999000
OA0423,2026-02,1,68000
OA0423,2026-03,3,204000
OA0423,2026-04,2,136000
OA0423,2026-05,0,0
OA0423,2026-06,1,94000
OA0423,2026-07,1,79000
OA0429,2026-02,4,272000
OA0430,2026-02,8,632000
OA0430,2026-03,2,124000
OA0432,2026-03,1,68000
OA0433,2026-02,3,282000
OA0433,2026-03,10,790000
OA0433,2026-04,2,158000
OA0433,2026-05,1,129000
OA0433,2026-06,7,553000
OA0433,2026-07,10,1290000
OA0435,2026-02,2,258000
OA0435,2026-04,3,204000
OA0435,2026-05,3,387000
OA0435,2026-06,2,188000
OA0435,2026-07,3,186000
OA0437,2026-02,3,204000
OA0437,2026-03,7,553000
OA0437,2026-04,7,553000
OA0437,2026-05,2,188000
OA0437,2026-06,7,476000
OA0437,2026-07,3,387000
OA0440,2026-02,1,79000
OA0440,2026-03,1,79000
OA0442,2026-02,7,553000
OA0442,2026-03,3,387000
OA0442,2026-04,5,395000
OA0442,2026-05,6,564000
OA0442,2026-06,4,272000
OA0442,2026-07,5,340000
OA0445,2026-03,1,62000
OA0446,2026-02,28,1736000
OA0446,2026-03,37,3478000
OA0446,2026-04,46,4324000
OA0446,2026-05,18,1116000
OA0446,2026-06,24,2256000
OA0446,2026-07,30,3870000
OA0448,2026-02,1,94000
OA0448,2026-04,2,188000
OA0448,2026-05,1,79000
OA0448,2026-06,2,188000
OA0448,2026-07,0,0
OA0453,2026-02,7,903000
OA0453,2026-03,3,387000
OA0453,2026-04,11,1034000
OA0453,2026-05,4,316000
OA0453,2026-06,7,476000
OA0453,2026-07,9,558000
OA0454,2026-03,1,62000
OA0455,2026-02,13,806000
OA0455,2026-03,15,1185000
OA0455,2026-04,15,1410000
OA0455,2026-05,7,903000
OA0455,2026-06,5,395000
OA0455,2026-07,12,1128000
OA0457,2026-02,1,68000
OA0457,2026-03,1,68000
OA0459,2026-02,23,1426000
OA0459,2026-03,18,2322000
OA0459,2026-04,23,2967000
OA0459,2026-05,20,1360000
OA0459,2026-06,16,1264000
OA0459,2026-07,5,645000
OA0461,2026-02,7,553000
OA0461,2026-03,7,434000
OA0461,2026-04,5,395000
OA0461,2026-05,8,1032000
OA0461,2026-06,6,564000
OA0461,2026-07,11,1034000
OA0464,2026-02,4,516000
OA0464,2026-04,3,282000
OA0464,2026-05,3,204000
OA0464,2026-06,3,204000
OA0464,2026-07,3,186000
OA0465,2026-02,1,79000
OA0465,2026-03,3,387000
OA0465,2026-04,4,272000
OA0465,2026-05,5,340000
OA0465,2026-06,2,124000
OA0465,2026-07,1,62000
OA0466,2026-02,5,470000
OA0466,2026-03,2,158000
OA0466,2026-04,3,387000
OA0466,2026-05,4,316000
OA0466,2026-06,4,316000
OA0466,2026-07,3,387000
OA0467,2026-02,1,68000
OA0467,2026-04,3,186000
OA0467,2026-06,2,158000
OA0468,2026-02,3,186000
OA0468,2026-03,1,129000
OA0468,2026-04,3,186000
OA0468,2026-05,2,158000
OA0468,2026-06,0,0
OA0468,2026-07,2,158000
OA0469,2026-03,1,68000
OA0470,2026-02,3,186000
OA0470,2026-03,8,544000
OA0470,2026-04,8,632000
OA0470,2026-05,5,645000
OA0470,2026-06,8,752000
OA0470,2026-07,7,476000
OA0471,2026-02,35,2765000
OA0471,2026-03,23,1564000
OA0471,2026-04,29,2726000
OA0471,2026-05,55,3410000
OA0471,2026-06,10,940000
OA0471,2026-07,38,2356000
OA0472,2026-02,69,4278000
OA0472,2026-03,19,1292000
OA0472,2026-04,66,6204000
OA0472,2026-05,38,3572000
OA0472,2026-06,31,1922000
OA0472,2026-07,59,4661000
OA0473,2026-02,3,204000
OA0473,2026-03,2,124000
OA0473,2026-04,1,79000
OA0473,2026-05,1,68000
OA0474,2026-02,0,0
OA0474,2026-03,2,258000
OA0474,2026-04,0,0
OA0474,2026-05,3,186000
OA0474,2026-06,1,129000
OA0474,2026-07,2,124000
OA0476,2026-02,3,186000
OA0476,2026-03,2,124000
OA0476,2026-04,3,204000
OA0476,2026-05,2,258000
OA0476,2026-06,2,124000
OA0476,2026-07,4,272000
OA0477,2026-02,1,62000
OA0477,2026-03,1,68000
OA0477,2026-04,1,68000
OA0480,2026-02,2,158000
OA0480,2026-03,3,204000
OA0480,2026-04,3,237000
OA0480,2026-05,1,62000
OA0481,2026-03,1,62000
OA0483,2026-02,2,124000
OA0483,2026-03,2,136000
OA0484,2026-02,6,474000
OA0484,2026-03,6,408000
OA0484,2026-04,4,316000
OA0484,2026-05,14,1316000
OA0484,2026-06,1,94000
OA0484,2026-07,9,1161000
OA0486,2026-02,1,68000
OA0486,2026-03,1,62000
OA0490,2026-02,2,158000
OA0490,2026-03,1,68000
OA0490,2026-04,0,0
OA0490,2026-05,1,68000
OA0490,2026-06,2,258000
OA0490,2026-07,3,237000
OA0491,2026-02,1,68000
OA0491,2026-03,4,316000
OA0491,2026-04,1,129000
OA0491,2026-05,2,258000
OA0491,2026-06,1,79000
OA0492,2026-02,7,476000
OA0492,2026-03,9,1161000
OA0492,2026-04,9,612000
OA0492,2026-06,10,940000
OA0492,2026-07,14,868000
OA0494,2026-02,1,68000
OA0499,2026-02,9,558000
OA0499,2026-03,7,434000
OA0503,2026-02,4,272000
OA0503,2026-03,2,158000
OA0503,2026-04,5,470000
OA0503,2026-05,2,158000
OA0503,2026-06,2,188000
OA0503,2026-07,2,258000
OA0509,2026-02,5,310000
OA0509,2026-03,5,470000
OA0509,2026-04,3,186000
OA0509,2026-05,6,774000
OA0509,2026-06,5,340000
OA0509,2026-07,7,434000
OA0511,2026-02,12,816000
OA0511,2026-03,16,2064000
OA0511,2026-04,15,930000
OA0511,2026-06,1,129000
OA0511,2026-07,6,474000
OA0512,2026-02,4,272000
OA0517,2026-02,5,340000
OA0517,2026-03,9,612000
OA0517,2026-04,2,158000
OA0519,2026-02,22,1364000
OA0519,2026-03,31,2449000
OA0519,2026-04,51,3162000
OA0519,2026-05,18,1692000
OA0519,2026-06,54,5076000
OA0519,2026-07,32,2528000
OA0520,2026-02,38,2584000
OA0520,2026-03,46,3634000
OA0520,2026-04,20,2580000
OA0520,2026-05,45,3060000
OA0520,2026-06,45,3555000
OA0520,2026-07,14,1806000
OA0521,2026-02,1,79000
OA0521,2026-03,1,62000
OA0522,2026-02,30,2820000
OA0522,2026-03,44,5676000
OA0522,2026-04,30,2820000
OA0522,2026-05,27,2133000
OA0522,2026-06,53,4982000
OA0522,2026-07,29,2291000
OA0525,2026-02,1,62000
OA0525,2026-03,1,79000
OA0525,2026-04,1,68000
OA0526,2026-02,0,0
OA0526,2026-03,28,1736000
OA0526,2026-04,24,3096000
OA0526,2026-05,5,645000
OA0526,2026-06,16,1504000
OA0526,2026-07,24,2256000
OA0528,2026-02,26,1768000
OA0528,2026-03,7,553000
OA0528,2026-04,20,1240000
OA0528,2026-05,22,2838000
OA0528,2026-06,15,1935000
OA0528,2026-07,15,930000
OA0532,2026-02,4,376000
OA0532,2026-03,12,744000
OA0532,2026-04,5,470000
OA0532,2026-05,6,408000
OA0532,2026-06,7,476000
OA0532,2026-07,7,658000
OA0533,2026-02,2,158000
OA0533,2026-03,1,68000
OA0533,2026-04,1,68000
OA0533,2026-05,1,79000
OA0534,2026-02,4,516000
OA0534,2026-03,23,1817000
OA0534,2026-04,18,1116000
OA0534,2026-05,21,2709000
OA0534,2026-06,13,884000
OA0534,2026-07,31,3999000
OA0535,2026-02,1,68000
OA0535,2026-03,2,258000
OA0535,2026-04,3,237000
OA0535,2026-05,3,186000
OA0535,2026-06,2,124000
OA0535,2026-07,4,376000
OA0536,2026-02,11,1419000
OA0536,2026-03,22,1364000
OA0536,2026-04,9,846000
OA0536,2026-05,34,2108000
OA0536,2026-06,19,1292000
OA0536,2026-07,27,3483000
OA0537,2026-02,12,1128000
OA0537,2026-03,9,1161000
OA0537,2026-04,9,711000
OA0537,2026-05,4,516000
OA0537,2026-07,4,376000
OA0540,2026-02,2,188000
OA0540,2026-03,0,0
OA0540,2026-04,1,94000
OA0540,2026-05,3,237000
OA0540,2026-06,1,79000
OA0544,2026-02,12,816000
OA0544,2026-03,19,1501000
OA0544,2026-04,5,645000
OA0544,2026-05,2,188000
OA0544,2026-06,19,1292000
OA0544,2026-07,13,1222000
OA0545,2026-02,13,1222000
OA0545,2026-03,10,940000
OA0545,2026-04,4,316000
OA0545,2026-05,11,682000
OA0545,2026-06,2,158000
OA0545,2026-07,14,1106000
OA0547,2026-02,5,310000
OA0547,2026-03,3,186000
OA0547,2026-04,3,387000
OA0547,2026-05,4,316000
OA0547,2026-06,6,408000
OA0547,2026-07,5,395000
OA0548,2026-02,4,376000
OA0548,2026-03,5,645000
OA0548,2026-04,3,237000
OA0548,2026-05,5,470000
OA0548,2026-06,7,658000
OA0548,2026-07,3,237000
OA0550,2026-02,39,2652000
OA0550,2026-03,29,1972000
OA0550,2026-04,19,1786000
OA0550,2026-05,27,3483000
OA0550,2026-06,40,2720000
OA0550,2026-07,11,869000
OA0551,2026-02,3,186000
OA0551,2026-03,2,158000
OA0553,2026-02,1,79000
OA0553,2026-03,1,79000
OA0553,2026-04,1,68000
OA0553,2026-05,1,68000
OA0554,2026-02,1,79000
OA0554,2026-03,1,62000
OA0554,2026-04,1,62000
OA0554,2026-05,1,79000
OA0557,2026-02,7,476000
OA0557,2026-03,6,774000
OA0557,2026-04,5,310000
OA0557,2026-05,7,476000
OA0557,2026-06,5,645000
OA0557,2026-07,6,408000
OA0558,2026-02,1,79000
OA0558,2026-03,7,434000
OA0558,2026-04,3,186000
OA0560,2026-02,1,68000
OA0560,2026-03,1,62000
OA0562,2026-02,1,62000
OA0562,2026-03,1,62000
OA0562,2026-04,2,158000
OA0562,2026-05,1,94000
OA0562,2026-06,2,136000
OA0562,2026-07,2,258000
OA0564,2026-02,1,62000
OA0564,2026-03,1,68000
OA0564,2026-04,2,158000
OA0564,2026-05,2,158000
OA0565,2026-02,1,68000
OA0567,2026-02,1,79000
OA0568,2026-02,5,470000
OA0568,2026-04,2,124000
OA0568,2026-05,2,124000
OA0568,2026-06,1,68000
OA0568,2026-07,3,186000
OA0569,2026-02,4,248000
OA0570,2026-03,2,158000
OA0570,2026-04,1,79000
OA0570,2026-05,1,62000
OA0570,2026-06,0,0
OA0570,2026-07,2,258000
OA0573,2026-02,1,68000
OA0574,2026-02,4,516000
OA0574,2026-03,0,0
OA0574,2026-04,5,470000
OA0574,2026-05,3,282000
OA0574,2026-06,6,564000
OA0574,2026-07,4,248000
OA0577,2026-02,2,136000
OA0577,2026-03,8,632000
OA0577,2026-04,8,496000
OA0577,2026-05,6,774000
OA0577,2026-06,5,395000
OA0577,2026-07,3,237000
OA0578,2026-02,10,1290000
OA0578,2026-03,7,658000
OA0578,2026-04,17,2193000
OA0578,2026-05,13,884000
OA0578,2026-07,36,2844000
OA0581,2026-02,5,395000
OA0582,2026-02,2,136000
OA0582,2026-03,2,158000
OA0583,2026-02,49,3871000
OA0583,2026-03,31,3999000
OA0583,2026-04,50,3100000
OA0583,2026-05,19,1178000
OA0583,2026-06,30,3870000
OA0583,2026-07,64,8256000
OA0584,2026-02,2,158000
OA0584,2026-03,0,0
OA0584,2026-05,1,79000
OA0584,2026-06,2,136000
OA0584,2026-07,1,79000
OA0585,2026-03,1,68000
OA0586,2026-02,1,68000
OA0586,2026-03,2,124000
OA0587,2026-02,1,94000
OA0587,2026-03,2,258000
OA0587,2026-04,1,129000
OA0587,2026-05,1,68000
OA0587,2026-06,4,516000
OA0587,2026-07,1,94000
OA0588,2026-02,16,2064000
OA0588,2026-03,4,272000
OA0588,2026-04,5,645000
OA0588,2026-05,10,940000
OA0588,2026-06,9,612000
OA0588,2026-07,11,682000
OA0589,2026-03,1,68000
OA0591,2026-02,1,129000
OA0591,2026-03,2,258000
OA0591,2026-04,0,0
OA0591,2026-06,1,79000
OA0591,2026-07,1,129000
OA0594,2026-02,2,136000
OA0594,2026-03,3,186000
OA0594,2026-04,1,129000
OA0594,2026-05,2,136000
OA0594,2026-06,1,62000
OA0594,2026-07,1,62000
OA0595,2026-02,11,1419000
OA0595,2026-03,15,1935000
OA0595,2026-04,33,4257000
OA0595,2026-05,11,748000
OA0595,2026-06,28,2212000
OA0595,2026-07,13,806000
OA0596,2026-03,3,237000
OA0596,2026-04,3,237000
OA0596,2026-05,3,282000
OA0596,2026-06,3,237000
OA0596,2026-07,3,387000
OA0597,2026-02,6,408000
OA0597,2026-03,5,470000
OA0597,2026-04,3,282000
OA0597,2026-05,3,387000
OA0597,2026-06,5,340000
OA0597,2026-07,6,372000
OA0598,2026-02,1,62000
OA0599,2026-02,1,68000
OA0599,2026-03,1,68000
OA0599,2026-04,2,124000
OA0600,2026-02,7,434000
OA0600,2026-03,4,248000
OA0600,2026-04,4,248000
OA0600,2026-05,2,158000
OA0600,2026-06,6,774000
OA0600,2026-07,5,310000
OA0602,2026-02,8,1032000
OA0602,2026-03,3,204000
OA0602,2026-04,3,387000
OA0602,2026-05,8,1032000
OA0602,2026-06,2,124000
OA0602,2026-07,3,186000
OA0603,2026-02,29,1972000
OA0603,2026-03,28,2632000
OA0603,2026-04,10,680000
OA0603,2026-05,30,1860000
OA0603,2026-06,47,6063000
OA0603,2026-07,43,5547000
OA0604,2026-02,1,94000
OA0604,2026-03,5,645000
OA0604,2026-04,1,68000
OA0604,2026-05,1,94000
OA0604,2026-06,2,136000
OA0604,2026-07,4,272000
OA0605,2026-02,4,248000
OA0605,2026-03,3,237000
OA0605,2026-04,6,372000
OA0608,2026-02,1,62000
OA0608,2026-03,1,62000
OA0611,2026-02,1,62000
OA0611,2026-03,1,79000
OA0611,2026-04,1,62000
OA0612,2026-02,10,790000
OA0612,2026-03,2,188000
OA0612,2026-04,3,282000
OA0612,2026-05,6,408000
OA0612,2026-06,6,474000
OA0612,2026-07,5,340000
OA0613,2026-02,6,408000
OA0614,2026-02,1,79000
OA0616,2026-02,1,79000
OA0616,2026-03,1,68000
OA0616,2026-04,2,258000
OA0616,2026-05,2,258000
OA0616,2026-06,1,94000
OA0616,2026-07,2,124000
OA0618,2026-02,18,1116000
OA0618,2026-03,33,2046000
OA0618,2026-04,23,1817000
OA0618,2026-05,8,1032000
OA0618,2026-06,16,2064000
OA0618,2026-07,24,1488000
OA0619,2026-02,1,62000
OA0621,2026-02,10,940000
OA0621,2026-03,15,930000
OA0621,2026-04,32,2528000
OA0621,2026-05,6,564000
OA0621,2026-06,19,1178000
OA0621,2026-07,3,387000
OA0624,2026-02,1,62000
OA0624,2026-03,2,124000
OA0624,2026-04,1,68000
OA0624,2026-05,2,136000
OA0625,2026-02,6,564000
OA0625,2026-03,9,1161000
OA0625,2026-04,12,744000
OA0625,2026-05,7,434000
OA0625,2026-06,4,272000
OA0625,2026-07,10,680000
OA0626,2026-02,45,3060000
OA0626,2026-03,50,4700000
OA0626,2026-04,36,2844000
OA0626,2026-05,36,4644000
OA0626,2026-06,33,3102000
OA0626,2026-07,31,3999000
OA0627,2026-02,0,0
OA0627,2026-03,2,188000
OA0627,2026-04,2,158000
OA0627,2026-05,2,188000
OA0627,2026-06,2,258000
OA0627,2026-07,2,136000
OA0630,2026-03,1,68000
OA0631,2026-02,1,129000
OA0631,2026-03,4,376000
OA0631,2026-04,2,136000
OA0631,2026-05,1,62000
OA0631,2026-06,0,0
OA0631,2026-07,1,94000
OA0632,2026-02,26,1612000
OA0632,2026-03,53,6837000
OA0632,2026-04,56,4424000
OA0632,2026-05,18,1692000
OA0632,2026-06,5,645000
OA0632,2026-07,27,2538000
OA0633,2026-02,2,158000
OA0633,2026-03,2,136000
OA0633,2026-04,1,62000
OA0633,2026-05,3,237000
OA0634,2026-03,1,62000
OA0636,2026-02,43,3397000
OA0636,2026-03,12,948000
OA0636,2026-04,62,5828000
OA0636,2026-05,61,4819000
OA0636,2026-06,33,2046000
OA0636,2026-07,46,4324000
OA0637,2026-02,2,188000
OA0637,2026-03,1,129000
OA0637,2026-04,5,470000
OA0637,2026-06,2,158000
OA0637,2026-07,2,258000
OA0639,2026-02,2,124000
OA0639,2026-03,7,476000
OA0639,2026-04,7,903000
OA0639,2026-05,4,376000
OA0639,2026-06,8,544000
OA0639,2026-07,8,544000
OA0641,2026-02,1,79000
OA0641,2026-03,1,68000
OA0641,2026-04,1,62000
OA0641,2026-05,1,79000
OA0646,2026-02,3,237000
OA0646,2026-03,3,282000
OA0646,2026-04,1,94000
OA0646,2026-05,0,0
OA0646,2026-06,2,136000
OA0646,2026-07,2,136000
OA0647,2026-02,6,474000
OA0647,2026-03,4,248000
OA0647,2026-04,6,408000
OA0647,2026-05,5,395000
OA0647,2026-06,5,310000
OA0647,2026-07,3,237000
OA0651,2026-02,47,6063000
OA0651,2026-03,64,3968000
OA0651,2026-04,66,4488000
OA0651,2026-05,42,5418000
OA0651,2026-06,21,2709000
OA0651,2026-07,33,4257000
OA0652,2026-02,3,282000
OA0652,2026-03,1,68000
OA0652,2026-04,5,645000
OA0652,2026-05,8,496000
OA0652,2026-06,10,1290000
OA0652,2026-07,8,544000
OA0654,2026-02,2,158000
OA0654,2026-03,2,136000
OA0654,2026-04,4,272000
OA0654,2026-05,3,186000
OA0658,2026-02,0,0
OA0658,2026-03,1,94000
OA0658,2026-04,3,282000
OA0658,2026-05,1,129000
OA0658,2026-06,2,188000
OA0658,2026-07,0,0
OA0662,2026-02,4,272000
OA0662,2026-03,4,272000
OA0662,2026-04,9,612000
OA0662,2026-05,3,387000
OA0662,2026-06,6,408000
OA0662,2026-07,7,903000
OA0668,2026-02,4,272000
OA0668,2026-03,5,645000
OA0668,2026-04,7,476000
OA0668,2026-05,3,237000
OA0668,2026-06,4,376000
OA0668,2026-07,5,395000
OA0672,2026-03,2,124000
OA0672,2026-04,2,124000
OA0672,2026-05,3,387000
OA0672,2026-06,1,129000
OA0673,2026-02,2,124000
OA0673,2026-03,2,136000
OA0673,2026-04,3,204000
OA0676,2026-02,30,2820000
OA0676,2026-03,25,1550000
OA0676,2026-04,25,1700000
OA0676,2026-06,40,5160000
OA0676,2026-07,50,3100000
OA0677,2026-02,39,2652000
OA0677,2026-03,29,3741000
OA0677,2026-04,19,2451000
OA0677,2026-05,74,5032000
OA0677,2026-06,37,2516000
OA0677,2026-07,40,3760000
OA0678,2026-02,2,136000
OA0678,2026-03,3,186000
OA0678,2026-05,1,129000
OA0678,2026-06,1,79000
OA0678,2026-07,2,136000
OA0679,2026-02,18,1224000
OA0679,2026-03,9,711000
OA0679,2026-04,14,868000
OA0679,2026-05,6,774000
OA0679,2026-06,17,1343000
OA0679,2026-07,9,558000
OA0680,2026-02,1,62000
OA0680,2026-03,1,62000
OA0680,2026-04,10,790000
OA0680,2026-05,3,204000
OA0681,2026-02,15,930000
OA0681,2026-03,17,1598000
OA0681,2026-04,23,1817000
OA0681,2026-05,27,2538000
OA0681,2026-06,25,1975000
OA0681,2026-07,15,1410000
OA0682,2026-03,1,68000
OA0683,2026-02,3,186000
OA0684,2026-02,1,62000
OA0684,2026-03,1,79000
OA0684,2026-04,2,158000
OA0684,2026-05,1,62000
OA0685,2026-02,1,62000
OA0688,2026-02,13,1222000
OA0688,2026-03,11,1034000
OA0688,2026-04,26,2444000
OA0688,2026-05,4,248000
OA0688,2026-06,16,2064000
OA0688,2026-07,18,1692000
OA0689,2026-02,1,68000
OA0692,2026-02,3,204000
OA0692,2026-03,3,237000
OA0692,2026-04,5,310000
OA0692,2026-05,2,158000
OA0693,2026-02,31,1922000
OA0693,2026-04,44,4136000
OA0693,2026-05,33,4257000
OA0693,2026-06,24,3096000
OA0693,2026-07,42,2856000
OA0695,2026-02,1,62000
OA0695,2026-03,3,186000
OA0698,2026-02,1,62000
OA0700,2026-02,26,1768000
OA0700,2026-03,41,2788000
OA0700,2026-04,38,3572000
OA0700,2026-05,30,1860000
OA0700,2026-06,43,5547000
OA0700,2026-07,35,4515000
OA0701,2026-02,1,94000
OA0701,2026-03,19,1292000
OA0701,2026-04,9,1161000
OA0701,2026-05,7,553000
OA0701,2026-06,11,748000
OA0701,2026-07,13,1222000
OA0705,2026-02,1,79000
OA0705,2026-03,1,79000
OA0705,2026-04,1,79000
OA0708,2026-02,69,4278000
OA0708,2026-03,29,1798000
OA0708,2026-04,28,2632000
OA0708,2026-05,38,3002000
OA0708,2026-06,35,4515000
OA0708,2026-07,43,5547000
OA0712,2026-02,25,1550000
OA0712,2026-03,16,1504000
OA0712,2026-04,15,1185000
OA0712,2026-05,12,816000
OA0712,2026-06,24,2256000
OA0712,2026-07,16,2064000
OA0714,2026-03,1,68000
OA0715,2026-02,2,136000
OA0715,2026-03,2,158000
OA0715,2026-04,0,0
OA0715,2026-05,3,387000
OA0715,2026-06,1,129000
OA0715,2026-07,2,258000
OA0716,2026-02,5,310000
OA0716,2026-03,7,553000
OA0718,2026-02,3,282000
OA0718,2026-03,8,632000
OA0718,2026-04,6,408000
OA0718,2026-05,5,395000
OA0718,2026-06,9,1161000
OA0718,2026-07,4,376000
OA0719,2026-02,3,204000
OA0719,2026-03,5,395000
OA0719,2026-04,8,544000
OA0722,2026-02,1,62000
OA0722,2026-03,1,62000
OA0724,2026-02,1,68000
OA0726,2026-02,13,806000
OA0726,2026-03,16,1088000
OA0726,2026-04,10,1290000
OA0726,2026-05,10,620000
OA0726,2026-06,18,1692000
OA0726,2026-07,19,1786000
OA0727,2026-02,34,2686000
OA0727,2026-03,19,2451000
OA0727,2026-04,30,3870000
OA0727,2026-05,35,2765000
OA0727,2026-06,46,4324000
OA0727,2026-07,34,2108000
OA0728,2026-02,6,408000
OA0728,2026-03,9,558000
OA0728,2026-04,2,158000
OA0729,2026-02,9,558000
OA0729,2026-03,9,1161000
OA0729,2026-04,12,1548000
OA0729,2026-05,3,204000
OA0729,2026-06,6,774000
OA0729,2026-07,1,79000
OA0731,2026-02,47,3713000
OA0731,2026-03,52,3536000
OA0731,2026-04,33,2046000
OA0731,2026-05,52,3536000
OA0731,2026-06,33,2046000
OA0731,2026-07,24,3096000
OA0732,2026-03,1,62000
OA0733,2026-02,15,1935000
OA0733,2026-03,21,1974000
OA0733,2026-04,0,0
OA0733,2026-05,17,1343000
OA0733,2026-06,3,282000
OA0733,2026-07,10,620000
OA0734,2026-02,1,62000
OA0735,2026-02,10,680000
OA0735,2026-03,10,790000
OA0735,2026-04,11,1419000
OA0735,2026-05,11,1034000
OA0735,2026-06,13,806000
OA0735,2026-07,11,869000
OA0736,2026-02,20,1360000
OA0736,2026-03,23,2162000
OA0736,2026-04,19,1292000
OA0736,2026-05,27,2538000
OA0736,2026-06,21,2709000
OA0736,2026-07,12,816000
OA0737,2026-02,4,516000
OA0737,2026-03,9,558000
OA0737,2026-04,4,516000
OA0737,2026-05,4,316000
OA0737,2026-06,11,1034000
OA0737,2026-07,8,752000
OA0738,2026-02,2,158000
OA0738,2026-03,4,376000
OA0738,2026-04,2,124000
OA0738,2026-05,2,136000
OA0738,2026-06,3,387000
OA0738,2026-07,3,204000
OA0739,2026-02,1,62000
OA0741,2026-02,61,5734000
OA0741,2026-03,35,4515000
OA0741,2026-04,30,1860000
OA0741,2026-05,26,1612000
OA0741,2026-06,39,2652000
OA0741,2026-07,53,6837000
OA0742,2026-02,33,2607000
OA0742,2026-03,17,1343000
OA0742,2026-04,30,2040000
OA0742,2026-05,55,5170000
OA0742,2026-06,42,2604000
OA0742,2026-07,51,6579000
OA0743,2026-02,1,79000
OA0743,2026-03,1,62000
OA0743,2026-04,1,68000
OA0744,2026-02,42,2856000
OA0744,2026-03,25,1550000
OA0744,2026-04,50,3950000
OA0744,2026-05,22,2068000
OA0744,2026-06,25,1550000
OA0744,2026-07,11,1419000
OA0745,2026-02,3,186000
OA0747,2026-02,4,316000
OA0747,2026-03,2,136000
OA0747,2026-04,3,204000
OA0747,2026-05,1,68000
OA0749,2026-02,10,790000
OA0749,2026-03,12,1548000
OA0749,2026-04,7,476000
OA0749,2026-05,10,790000
OA0749,2026-06,7,476000
OA0749,2026-07,18,1422000
OA0750,2026-02,19,2451000
OA0750,2026-03,15,1185000
OA0750,2026-04,10,790000
OA0750,2026-05,13,1677000
OA0750,2026-06,16,1264000
OA0750,2026-07,10,940000
OA0752,2026-02,15,1020000
OA0752,2026-03,9,558000
OA0752,2026-04,9,1161000
OA0752,2026-05,19,1501000
OA0752,2026-06,8,544000
OA0752,2026-07,18,1224000
OA0753,2026-02,1,68000
OA0754,2026-02,1,79000
OA0755,2026-02,3,204000
OA0755,2026-03,20,2580000
OA0755,2026-04,14,1806000
OA0755,2026-05,10,1290000
OA0755,2026-06,14,1106000
OA0755,2026-07,10,680000
OA0757,2026-02,5,310000
OA0757,2026-03,3,204000
OA0757,2026-04,5,395000
OA0758,2026-02,26,2054000
OA0758,2026-03,20,1360000
OA0758,2026-04,28,3612000
OA0758,2026-05,13,1222000
OA0758,2026-06,1,129000
OA0758,2026-07,26,1612000
OA0760,2026-02,3,237000
OA0760,2026-03,7,553000
OA0760,2026-04,4,316000
OA0760,2026-05,9,558000
OA0760,2026-06,4,376000
OA0760,2026-07,4,272000
OA0761,2026-02,19,1178000
OA0761,2026-03,19,1786000
OA0761,2026-04,20,2580000
OA0761,2026-05,34,4386000
OA0761,2026-06,29,1798000
OA0761,2026-07,28,2632000
OA0762,2026-02,5,395000
OA0762,2026-03,6,408000
OA0762,2026-04,14,868000
OA0762,2026-05,7,476000
OA0762,2026-06,9,846000
OA0762,2026-07,15,1020000
OA0764,2026-02,5,340000
OA0764,2026-03,3,204000
OA0764,2026-04,4,376000
OA0764,2026-05,2,158000
OA0764,2026-06,2,258000
OA0764,2026-07,3,237000
OA0765,2026-02,1,79000
OA0765,2026-03,1,79000
OA0766,2026-02,1,79000
OA0766,2026-03,5,395000
OA0766,2026-04,3,204000
OA0766,2026-05,4,316000
OA0767,2026-02,1,94000
OA0767,2026-03,3,387000
OA0767,2026-04,3,204000
OA0767,2026-05,1,94000
OA0767,2026-06,1,68000
OA0767,2026-07,3,204000
OA0769,2026-02,1,79000
OA0769,2026-03,2,158000
OA0770,2026-02,8,752000
OA0770,2026-03,15,1935000
OA0770,2026-04,8,544000
OA0770,2026-05,14,1806000
OA0770,2026-06,11,1034000
OA0770,2026-07,5,470000
OA0771,2026-02,2,188000
OA0771,2026-03,2,136000
OA0771,2026-04,3,237000
OA0771,2026-05,2,158000
OA0771,2026-06,1,68000
OA0771,2026-07,1,94000
OA0772,2026-02,1,68000
OA0773,2026-02,8,496000
OA0773,2026-03,3,204000
OA0773,2026-04,3,186000
OA0774,2026-02,4,248000
OA0775,2026-02,1,62000
OA0776,2026-02,3,186000
OA0776,2026-04,1,94000
OA0776,2026-05,2,124000
OA0776,2026-06,6,564000
OA0776,2026-07,3,186000
OA0777,2026-02,2,158000
OA0777,2026-03,2,158000
OA0777,2026-04,5,395000
OA0779,2026-02,1,79000
OA0779,2026-03,3,237000
OA0779,2026-04,4,316000
OA0782,2026-02,1,68000
OA0783,2026-02,53,3604000
OA0783,2026-03,17,1054000
OA0783,2026-04,39,2418000
OA0783,2026-05,47,3713000
OA0783,2026-06,20,2580000
OA0783,2026-07,19,1292000
OA0785,2026-02,2,124000
OA0785,2026-03,18,2322000
OA0785,2026-04,10,1290000
OA0785,2026-05,13,806000
OA0785,2026-06,1,129000
OA0785,2026-07,9,711000
OA0786,2026-02,1,68000
OA0786,2026-03,2,158000
OA0786,2026-04,3,204000
OA0787,2026-02,1,62000
OA0788,2026-02,32,2176000
OA0788,2026-03,13,1027000
OA0788,2026-04,28,1736000
OA0788,2026-05,12,948000
OA0788,2026-06,27,2538000
OA0788,2026-07,3,186000
OA0789,2026-02,2,158000
OA0789,2026-03,1,79000
OA0795,2026-02,7,553000
OA0795,2026-03,3,237000
OA0795,2026-04,1,62000
OA0797,2026-02,10,620000
OA0797,2026-03,0,0
OA0797,2026-04,8,1032000
OA0797,2026-05,16,1088000
OA0797,2026-06,11,869000
OA0797,2026-07,15,1410000
OA0798,2026-02,1,68000
OA0798,2026-03,1,62000
OA0798,2026-04,1,79000
OA0799,2026-02,4,376000
OA0799,2026-03,10,620000
OA0799,2026-04,7,658000
OA0799,2026-05,8,752000
OA0799,2026-06,5,340000
OA0799,2026-07,9,711000
OA0800,2026-02,3,237000
OA0800,2026-03,5,395000
OA0800,2026-04,2,124000
OA0800,2026-05,4,316000
OA0800,2026-06,2,136000
OA0800,2026-07,1,79000
OA0804,2026-02,15,930000
OA0804,2026-03,2,158000
OA0804,2026-04,28,2632000
OA0804,2026-05,34,4386000
OA0804,2026-06,19,1786000
OA0804,2026-07,15,1410000
OA0806,2026-02,2,136000
OA0806,2026-03,1,68000
OA0806,2026-04,4,316000
OA0806,2026-05,1,62000
OA0808,2026-02,1,79000
OA0810,2026-02,1,68000
OA0810,2026-03,1,68000
OA0810,2026-04,1,79000
OA0811,2026-02,1,68000
OA0812,2026-02,7,434000
OA0812,2026-03,30,1860000
OA0812,2026-04,28,2212000
OA0812,2026-05,47,2914000
OA0812,2026-06,35,4515000
OA0812,2026-07,48,4512000
OA0815,2026-02,12,948000
OA0815,2026-03,16,2064000
OA0815,2026-04,17,2193000
OA0815,2026-05,4,272000
OA0815,2026-06,16,2064000
OA0815,2026-07,0,0
OA0816,2026-02,24,3096000
OA0816,2026-03,31,2108000
OA0816,2026-04,24,1632000
OA0816,2026-05,7,903000
OA0816,2026-06,16,1504000
OA0816,2026-07,7,903000
OA0820,2026-02,1,79000
OA0820,2026-03,2,136000
OA0820,2026-04,2,124000
